{
  "uuid": "d2576545-2f1a-311c-982a-c016e5c44cb5",
  "starterPrompted": true,
  "starterLocked": false,
  "starterSelected": true,
  "starterUUID": "2aadb13b-d204-445c-a24a-cf144472e0bb",
  "keyItems": [],
  "battleTheme": "cobblemon:battle.pvp.default",
  "extraData": {},
  "advancementData": {
    "totalCaptureCount": 9,
    "totalEggsHatched": 0,
    "totalEvolvedCount": 0,
    "totalBattleVictoryCount": 1,
    "totalPvPBattleVictoryCount": 0,
    "totalPvWBattleVictoryCount": 1,
    "totalPvNBattleVictoryCount": 0,
    "totalShinyCaptureCount": 0,
    "totalTradedCount": 0,
    "totalTypeCaptureCounts": {
      "normal": 4,
      "flying": 3,
      "grass": 1,
      "fairy": 1,
      "fire": 2,
      "bug": 1,
      "electric": 1
    },
    "totalDefeatedCounts": {},
    "aspectsCollected": {}
  }
}