{"stats":{"minecraft:custom":{"minecraft:time_since_rest":34932,"minecraft:play_time":57380,"minecraft:sprint_one_cm":24067,"minecraft:deaths":2,"minecraft:damage_taken":560,"minecraft:walk_one_cm":58293,"minecraft:sneak_time":340,"minecraft:drop":1,"minecraft:jump":263,"minecraft:damage_dealt":20,"minecraft:leave_game":1,"minecraft:time_since_death":34904,"minecraft:climb_one_cm":311,"minecraft:total_world_time":57380,"minecraft:fall_one_cm":15757,"minecraft:fly_one_cm":18958},"minecraft:crafted":{"minecraft:birch_planks":24},"minecraft:mined":{"minecraft:cave_vines":4,"minecraft:grass":1,"minecraft:birch_planks":2,"minecraft:grass_block":72,"minecraft:dirt":59,"minecraft:dark_oak_leaves":2,"minecraft:birch_log":6,"minecraft:birch_leaves":1,"cobblemon:big_root":7,"minecraft:oak_leaves":4},"minecraft:used":{"minecraft:glow_berries":3,"minecraft:dirt":110,"minecraft:birch_planks":26},"minecraft:picked_up":{"minecraft:birch_log":6,"cobblemon:red_apricorn_seed":1,"cobblemon:white_apricorn":2,"cobblemon:red_apricorn":4,"minecraft:birch_planks":2,"cobblemon:big_root":8,"minecraft:glow_berries":2,"minecraft:dirt":119},"minecraft:dropped":{"minecraft:dirt":1}},"DataVersion":3465}