{"stats":{"minecraft:killed":{"minecraft:pig":1,"cobblemon:pokemon":1,"minecraft:sheep":3,"minecraft:zombie":1,"minecraft:bee":1,"minecraft:chicken":1,"minecraft:drowned":2},"minecraft:mined":{"minecraft:white_bed":11,"minecraft:dark_oak_leaves":26,"minecraft:kelp_plant":1,"minecraft:stripped_birch_log":26,"minecraft:dark_oak_log":24,"minecraft:powder_snow":22,"minecraft:crafting_table":3,"cobblemon:apricorn_leaves":2,"minecraft:granite":11,"gravestone:gravestone":3,"minecraft:grass_block":2,"minecraft:mushroom_stem":2,"minecraft:birch_wood":9,"minecraft:kelp":1,"minecraft:diorite":7,"minecraft:birch_log":29,"minecraft:iron_ore":4,"minecraft:andesite":11,"minecraft:birch_leaves":1,"minecraft:bee_nest":1,"minecraft:grass":6,"minecraft:coal_ore":12,"cobblemon:white_mint":3,"minecraft:gravel":76,"minecraft:dirt":5,"cobblemon:white_apricorn":1,"minecraft:packed_ice":4,"minecraft:red_mushroom_block":2,"minecraft:stone":64,"minecraft:netherrack":1,"minecraft:deepslate":31,"minecraft:oak_leaves":9,"cobblemon:water_stone_ore":1},"minecraft:killed_by":{"minecraft:skeleton":1},"minecraft:custom":{"minecraft:mob_kills":11,"minecraft:interact_with_crafting_table":3,"minecraft:leave_game":4,"minecraft:time_since_death":735,"minecraft:sleep_in_bed":4,"minecraft:climb_one_cm":104,"minecraft:time_since_rest":764,"minecraft:walk_one_cm":163787,"minecraft:sprint_one_cm":93955,"minecraft:damage_taken":1751,"minecraft:damage_absorbed":40,"minecraft:drop":4,"minecraft:damage_dealt":1437,"minecraft:swim_one_cm":11548,"minecraft:fly_one_cm":81367,"minecraft:open_chest":1,"minecraft:play_time":68266,"minecraft:deaths":6,"minecraft:walk_under_water_one_cm":14392,"minecraft:jump":1230,"minecraft:walk_on_water_one_cm":10161,"minecraft:total_world_time":68266,"minecraft:fall_one_cm":40891},"minecraft:crafted":{"minecraft:oak_planks":4,"minecraft:stone_shovel":1,"minecraft:crafting_table":1,"minecraft:spruce_planks":4,"minecraft:birch_planks":52,"minecraft:stone_axe":1,"minecraft:stick":8,"minecraft:stone_pickaxe":1,"minecraft:white_bed":1,"minecraft:dark_oak_planks":52},"minecraft:used":{"minecraft:golden_boots":1,"minecraft:birch_planks":52,"minecraft:stripped_birch_log":13,"minecraft:stone_pickaxe":128,"minecraft:stone_shovel":95,"minecraft:oak_planks":4,"minecraft:spruce_planks":4,"minecraft:netherrack":1,"minecraft:golden_apple":1,"minecraft:dirt":20,"minecraft:mutton":4,"minecraft:crafting_table":3,"minecraft:white_bed":11,"minecraft:granite":11,"minecraft:dark_oak_planks":24,"minecraft:gravel":62,"minecraft:stone_axe":115,"minecraft:cobblestone":66,"minecraft:porkchop":1,"minecraft:golden_pickaxe":28},"minecraft:picked_up":{"minecraft:birch_log":29,"minecraft:crafting_table":5,"minecraft:chicken":1,"minecraft:flint":12,"minecraft:oak_log":3,"minecraft:stripped_birch_log":26,"minecraft:dirt":20,"cobblemon:pink_apricorn_seed":1,"cobblemon:white_mint_leaf":3,"cobblemon:white_apricorn":3,"minecraft:kelp":3,"cobblemon:black_apricorn":10,"minecraft:wheat_seeds":1,"cobblemon:white_apricorn_seed":1,"minecraft:birch_wood":9,"minecraft:birch_sapling":1,"minecraft:stick":1,"minecraft:raw_iron":4,"cobblemon:blue_apricorn_seed":1,"minecraft:gravel":64,"minecraft:porkchop":1,"cobblemon:white_mint_seeds":3,"cobblemon:pink_apricorn":4,"minecraft:white_bed":13,"minecraft:spruce_log":2,"minecraft:dark_oak_log":48,"minecraft:rotten_flesh":3,"minecraft:granite":11,"cobblemon:water_stone":1,"cobblemon:blue_apricorn":6,"minecraft:netherrack":1,"minecraft:mutton":5,"minecraft:coal":21,"minecraft:white_wool":3,"minecraft:cobblestone":73},"minecraft:broken":{"minecraft:stone_pickaxe":1,"minecraft:stone_axe":1,"minecraft:golden_pickaxe":1},"minecraft:dropped":{"minecraft:rotten_flesh":2,"cobblemon:black_apricorn":1,"minecraft:white_bed":1}},"DataVersion":3465}