{"stats":{"minecraft:custom":{"minecraft:time_since_rest":1601,"minecraft:sprint_one_cm":21411,"minecraft:damage_taken":575,"minecraft:walk_one_cm":41751,"minecraft:mob_kills":4,"minecraft:drop":4,"minecraft:damage_dealt":456,"minecraft:interact_with_crafting_table":2,"minecraft:fly_one_cm":12060,"minecraft:play_time":16430,"minecraft:deaths":2,"minecraft:jump":245,"minecraft:leave_game":2,"minecraft:time_since_death":1573,"minecraft:sleep_in_bed":1,"minecraft:total_world_time":16430,"minecraft:fall_one_cm":7241},"minecraft:killed":{"minecraft:sheep":3,"minecraft:zombie":1},"minecraft:crafted":{"minecraft:oak_planks":4,"minecraft:crafting_table":1,"minecraft:spruce_planks":4,"minecraft:white_bed":1,"minecraft:dark_oak_planks":24},"minecraft:mined":{"minecraft:white_bed":3,"minecraft:dark_oak_log":4,"minecraft:crafting_table":1,"minecraft:grass":2,"minecraft:mushroom_stem":2,"minecraft:oak_leaves":2},"minecraft:killed_by":{"minecraft:skeleton":1},"minecraft:used":{"minecraft:oak_planks":4,"minecraft:spruce_planks":4,"minecraft:dirt":13,"minecraft:mutton":4,"minecraft:crafting_table":2,"minecraft:white_bed":4},"minecraft:picked_up":{"minecraft:crafting_table":3,"minecraft:oak_log":3,"minecraft:white_bed":5,"minecraft:spruce_log":2,"minecraft:dark_oak_log":27,"minecraft:dirt":13,"minecraft:rotten_flesh":2,"cobblemon:black_apricorn":10,"minecraft:mutton":5,"minecraft:white_wool":3},"minecraft:dropped":{"minecraft:rotten_flesh":2,"cobblemon:black_apricorn":1,"minecraft:white_bed":1}},"DataVersion":3465}