{"stats":{"minecraft:custom":{"minecraft:interact_with_furnace":6,"minecraft:mob_kills":24,"minecraft:traded_with_villager":16,"minecraft:interact_with_crafting_table":15,"minecraft:open_barrel":1,"minecraft:leave_game":2,"minecraft:time_since_death":125840,"minecraft:sleep_in_bed":9,"minecraft:climb_one_cm":16186,"minecraft:time_since_rest":10896,"minecraft:sprint_one_cm":531934,"minecraft:walk_one_cm":271895,"minecraft:damage_taken":200,"minecraft:drop":11,"minecraft:damage_dealt":3018,"minecraft:swim_one_cm":15050,"minecraft:damage_dealt_absorbed":24,"minecraft:talked_to_villager":4,"minecraft:fly_one_cm":776658,"minecraft:open_chest":87,"minecraft:crouch_one_cm":4,"minecraft:play_time":125840,"minecraft:sneak_time":134,"minecraft:walk_under_water_one_cm":5635,"minecraft:jump":1791,"minecraft:interact_with_blast_furnace":3,"minecraft:walk_on_water_one_cm":23469,"minecraft:total_world_time":125840,"minecraft:fall_one_cm":30164},"minecraft:picked_up":{"minecraft:crafting_table":2,"minecraft:feather":2,"minecraft:chicken":3,"cobblemon:yellow_apricorn":3,"minecraft:leather":21,"cobblemon:red_apricorn":5,"minecraft:potato":1,"minecraft:oak_log":17,"minecraft:brick":2,"minecraft:dirt":1,"cobblemon:white_apricorn":6,"minecraft:wheat_seeds":2,"minecraft:iron_ingot":2,"minecraft:beef":26,"cobblemon:oran_berry":23,"minecraft:poppy":1,"cobblemon:big_root":1,"minecraft:chest":1,"minecraft:iron_sword":1,"minecraft:honeycomb":2,"minecraft:book":112,"minecraft:beehive":1,"minecraft:raw_iron":12,"patchouli:guide_book":1,"minecraft:raw_iron_block":1,"minecraft:porkchop":17,"minecraft:sand":24,"minecraft:carrot":2,"travelersbackpack:white_sleeping_bag":1,"minecraft:honey_bottle":1,"cobblemon:poke_ball":3,"minecraft:green_wool":2,"minecraft:emerald":54,"minecraft:oak_sapling":1,"cobblemon:medicinal_leek":21,"cobblemon:blue_apricorn":2,"minecraft:mutton":17,"minecraft:white_wool":7,"minecraft:cobblestone":9},"minecraft:dropped":{"minecraft:wheat_seeds":2,"cobblemon:blue_apricorn":2,"minecraft:chicken":3,"minecraft:cobblestone":1,"cobblemon:yellow_apricorn":3,"patchouli:guide_book":2,"minecraft:dirt":1,"minecraft:potato":1,"minecraft:oak_sapling":1,"minecraft:sand":12},"minecraft:used":{"minecraft:water_bucket":2,"minecraft:iron_sword":117,"minecraft:crafting_table":2,"travelersbackpack:emerald":3,"easy_npc:humanoid_spawn_egg":1,"minecraft:bread":24,"minecraft:iron_axe":91,"minecraft:iron_pickaxe":22,"travelersbackpack:white_sleeping_bag":1,"minecraft:furnace":1,"minecraft:bucket":2},"minecraft:killed":{"minecraft:pig":6,"cobblemon:pokemon":1,"minecraft:sheep":6,"minecraft:horse":1,"minecraft:cow":10},"minecraft:mined":{"cobblemon:big_root":1,"minecraft:crafting_table":2,"cobblemon:apricorn_leaves":13,"minecraft:grass_block":1,"cobblemon:rindo_berry":1,"minecraft:chest":1,"minecraft:white_stained_glass_pane":2,"travelersbackpack:white_sleeping_bag":1,"cobblemon:pinap_berry":1,"minecraft:tall_grass":3,"minecraft:cobblestone":9,"cobblemon:oran_berry":5,"minecraft:raw_iron_block":1,"minecraft:beehive":1,"minecraft:iron_ore":12,"cobblemon:persim_berry":4,"cobblemon:medicinal_leek":19,"minecraft:grass":20,"minecraft:bookshelf":38,"minecraft:oak_log":17,"cobblemon:yellow_apricorn":1,"minecraft:sand":12,"minecraft:oak_leaves":2,"minecraft:white_wool":1,"minecraft:green_wool":2},"minecraft:crafted":{"minecraft:oak_planks":68,"minecraft:raw_iron":18,"minecraft:emerald":189,"minecraft:crafting_table":1,"travelersbackpack:backpack_tank":2,"travelersbackpack:standard":1,"cobblemon:beast_ball":20,"minecraft:furnace":1,"cobblemizer:shiny_swapper":1,"minecraft:glass":12,"travelersbackpack:emerald":1,"cobblemon:poke_ball":10,"travelersbackpack:white_sleeping_bag":1,"minecraft:leather":2,"minecraft:emerald_block":8,"minecraft:iron_axe":1,"travelersbackpack:green_sleeping_bag":1,"minecraft:stick":4,"minecraft:iron_ingot":21,"minecraft:iron_pickaxe":1,"cobblemon:max_ether":3,"cobblemon:max_revive":3,"cobblemon:max_potion":3,"cobblemon:sport_ball":4,"minecraft:raw_iron_block":1}},"DataVersion":3465}