{"stats":{"minecraft:custom":{"minecraft:mob_kills":89,"minecraft:open_barrel":4,"minecraft:interact_with_crafting_table":41,"minecraft:bell_ring":13,"minecraft:leave_game":8,"minecraft:time_since_death":33712,"minecraft:climb_one_cm":8975,"minecraft:sprint_one_cm":1271338,"minecraft:walk_one_cm":521442,"minecraft:damage_blocked_by_shield":717,"minecraft:drop":56,"minecraft:talked_to_villager":7,"minecraft:play_time":469276,"minecraft:deaths":2,"minecraft:sneak_time":1094,"minecraft:walk_under_water_one_cm":52564,"minecraft:jump":6341,"minecraft:interact_with_brewingstand":1,"minecraft:walk_on_water_one_cm":70880,"minecraft:total_world_time":469276,"minecraft:interact_with_furnace":44,"minecraft:sleep_in_bed":27,"minecraft:time_since_rest":6232,"minecraft:damage_taken":2261,"minecraft:damage_dealt":15697,"minecraft:swim_one_cm":225876,"minecraft:fly_one_cm":1286740,"minecraft:open_chest":7,"minecraft:crouch_one_cm":134,"minecraft:fall_one_cm":121907},"minecraft:mined":{"minecraft:tuff":32,"minecraft:spruce_planks":1,"minecraft:white_bed":4,"cobblemon:shiny_stone_ore":4,"minecraft:deepslate_diamond_ore":7,"cobblemon:dawn_stone_ore":1,"minecraft:dark_oak_log":3,"cobblemon:apricorn_log":1,"cobblemon:big_root":13,"minecraft:brewing_stand":1,"minecraft:obsidian":4,"minecraft:ladder":9,"minecraft:cave_vines_plant":1,"gravestone:gravestone":1,"minecraft:granite":28,"minecraft:grass_block":12,"minecraft:decorated_pot":8,"minecraft:moss_block":1,"minecraft:sandstone":9,"minecraft:smooth_stone":4,"minecraft:furnace":20,"minecraft:iron_ore":100,"minecraft:andesite":40,"minecraft:enchanting_table":1,"minecraft:gold_block":1,"cobblemon:medicinal_leek":20,"minecraft:bookshelf":10,"minecraft:deepslate_iron_ore":9,"cobblemon:white_apricorn":2,"minecraft:stone":717,"cobblemon:water_stone_ore":3,"minecraft:deepslate_redstone_ore":18,"minecraft:glass_pane":1,"minecraft:crafting_table":20,"cobblemon:gilded_chest":1,"cobblemon:apricorn_leaves":3,"minecraft:emerald_ore":1,"minecraft:lectern":1,"cobblemon:cyan_mint":3,"minecraft:copper_ore":25,"cobblemon:energy_root":1,"minecraft:tall_grass":4,"minecraft:cobblestone":2,"minecraft:deepslate_gold_ore":7,"minecraft:sugar_cane":31,"minecraft:oak_planks":4,"minecraft:diorite":58,"cobblemon:relic_coin_pouch":4,"minecraft:pink_petals":1,"minecraft:seagrass":2,"minecraft:spruce_stairs":1,"cobblemon:red_mint":3,"minecraft:birch_leaves":4,"minecraft:black_bed":19,"cobblemon:persim_berry":1,"minecraft:grass":20,"minecraft:oak_log":72,"minecraft:coal_ore":79,"cobblemon:thunder_stone_ore":2,"minecraft:gravel":6,"minecraft:sand":64,"minecraft:dirt":57,"cobblemon:sun_stone_ore":1,"minecraft:gold_ore":4,"minecraft:oak_leaves":19,"minecraft:deepslate":694,"minecraft:suspicious_gravel":10},"minecraft:broken":{"minecraft:wooden_pickaxe":1,"minecraft:stone_pickaxe":6,"minecraft:stone_axe":2,"minecraft:iron_pickaxe":4,"minecraft:wooden_axe":1},"minecraft:killed":{"minecraft:spider":5,"minecraft:skeleton":3,"minecraft:chicken":1,"minecraft:drowned":2,"minecraft:pig":1,"cobblemon:pokemon":1,"minecraft:iron_golem":6,"minecraft:creeper":1,"minecraft:sheep":36,"minecraft:zombie":10,"minecraft:cow":15},"minecraft:crafted":{"minecraft:oak_planks":56,"minecraft:stone_shovel":1,"minecraft:furnace":4,"minecraft:cooked_mutton":9,"minecraft:glass_pane":16,"minecraft:glass":30,"sophisticatedbackpacks:copper_backpack":1,"minecraft:iron_axe":1,"minecraft:stone_pickaxe":6,"minecraft:chest":1,"minecraft:dark_oak_planks":12,"sophisticatedbackpacks:iron_backpack":1,"minecraft:cooked_beef":23,"sophisticatedbackpacks:backpack":1,"minecraft:crafting_table":2,"minecraft:enchanting_table":1,"minecraft:iron_helmet":1,"minecraft:wooden_pickaxe":1,"cobblemon:park_ball":8,"minecraft:copper_ingot":26,"sophisticatedbackpacks:gold_backpack":1,"minecraft:bucket":1,"cobblemon:roseate_ball":16,"minecraft:stone_axe":3,"minecraft:diamond_pickaxe":1,"minecraft:iron_chestplate":2,"minecraft:shield":1,"rotomphonecobblemon:rotom_phone":1,"minecraft:stick":40,"minecraft:iron_ingot":25,"minecraft:iron_pickaxe":5,"minecraft:wooden_axe":1,"minecraft:iron_leggings":1,"minecraft:gold_ingot":7,"minecraft:black_bed":1,"minecraft:white_bed":1,"cobblemon:great_ball":12},"minecraft:picked_up":{"minecraft:wooden_axe":1,"minecraft:crafting_table":20,"minecraft:chicken":2,"minecraft:ladder":9,"cobblemon:yellow_apricorn":8,"cobblemon:red_apricorn":17,"minecraft:wooden_pickaxe":1,"minecraft:gold_block":1,"minecraft:brewing_stand":1,"cobblemon:cyan_mint_seeds":3,"minecraft:brick":28,"cobblemon:wepear_berry":20,"minecraft:raw_copper":78,"minecraft:string":11,"cobblemon:gilded_chest":1,"cobblemon:white_apricorn":26,"minecraft:sea_pickle":4,"minecraft:smooth_stone":4,"minecraft:cobbled_deepslate":537,"cobblemon:green_apricorn":18,"cobblemon:white_apricorn_seed":1,"minecraft:spruce_planks":1,"minecraft:beef":41,"cobblemon:oran_berry":31,"cobblemon:relic_coin":75,"minecraft:iron_nugget":1,"minecraft:poppy":3,"cobblemon:big_root":13,"minecraft:lectern":1,"minecraft:sugar_cane":61,"cobblemon:green_apricorn_seed":2,"cobblemon:cyan_mint_leaf":4,"cobblemon:red_mint_leaf":2,"minecraft:egg":6,"minecraft:furnace":20,"minecraft:stick":2,"minecraft:dark_oak_sapling":2,"minecraft:raw_iron":109,"minecraft:sandstone":3,"cobblemon:apricorn_log":1,"minecraft:copper_ingot":38,"cobblemon:park_ball":1,"minecraft:spruce_stairs":1,"minecraft:porkchop":1,"minecraft:diorite":57,"minecraft:redstone":80,"minecraft:dark_oak_planks":3,"cobblemon:dawn_stone":1,"minecraft:honey_bottle":2,"minecraft:arrow":1,"minecraft:rotten_flesh":10,"minecraft:decorated_pot":1,"minecraft:gold_ingot":4,"minecraft:obsidian":4,"minecraft:glow_berries":2,"minecraft:mutton":56,"cobblemon:tanga_berry":2,"cobblemon:blue_apricorn":11,"minecraft:cobblestone":709,"minecraft:white_wool":37,"minecraft:enchanting_table":1,"minecraft:pink_petals":3,"minecraft:feather":2,"cobblemon:great_ball":2,"minecraft:cooked_beef":18,"minecraft:andesite":38,"minecraft:black_bed":19,"minecraft:leather":22,"cobblemon:razz_berry":14,"cobblemon:roseate_ball":4,"minecraft:flint":1,"minecraft:tuff":32,"minecraft:oak_log":124,"minecraft:dirt":62,"cobblemon:pink_apricorn_seed":2,"minecraft:cooked_mutton":31,"minecraft:glass":10,"minecraft:bone":6,"minecraft:bow":1,"minecraft:wheat_seeds":1,"cobblemon:black_apricorn":18,"minecraft:raw_gold":11,"minecraft:iron_ingot":90,"cobblemon:thunder_stone":2,"minecraft:oak_planks":17,"cobblemon:red_apricorn_seed":2,"minecraft:book":30,"cobblemon:chilan_berry":2,"cobblemon:sun_stone":1,"minecraft:cooked_porkchop":1,"patchouli:guide_book":2,"cobblemon:black_apricorn_seed":4,"cobblemon:shiny_stone":4,"cobblemon:blue_apricorn_seed":4,"minecraft:gravel":1,"cobblemon:cheri_berry":40,"cobblemon:pecha_berry":5,"minecraft:sand":88,"cobblemon:yellow_apricorn_seed":2,"cobblemon:persim_berry":48,"cobblemon:pink_apricorn":23,"minecraft:white_bed":4,"minecraft:dark_oak_log":3,"minecraft:spider_eye":1,"cobblemon:shuca_berry":23,"cobblemon:red_mint_seeds":3,"minecraft:diamond":7,"minecraft:granite":28,"cobblemon:rindo_berry":3,"minecraft:emerald":1,"cobblemon:chesto_berry":77,"cobblemon:water_stone":3,"cobblemon:medicinal_leek":34,"minecraft:black_wool":3,"minecraft:coal":284,"cobblemon:energy_root":1},"minecraft:dropped":{"minecraft:wheat_seeds":1,"minecraft:dark_oak_sapling":2,"minecraft:feather":2,"minecraft:cobblestone":609,"minecraft:granite":8,"minecraft:dirt":53,"cobblemon:apricorn_log":1,"minecraft:diorite":57,"gravestone:obituary":1,"minecraft:redstone":17,"minecraft:gravel":1,"minecraft:stone_axe":1,"minecraft:iron_nugget":1,"minecraft:cobbled_deepslate":482,"minecraft:raw_copper":14,"minecraft:tuff":32,"minecraft:stone_shovel":1,"minecraft:chicken":2,"minecraft:rotten_flesh":10,"minecraft:poppy":1,"minecraft:spruce_planks":1,"minecraft:andesite":38,"minecraft:spider_eye":1,"minecraft:sandstone":3,"minecraft:brick":28,"minecraft:egg":1},"minecraft:used":{"minecraft:enchanting_table":1,"minecraft:stone_shovel":132,"minecraft:ladder":9,"sophisticatedbackpacks:copper_backpack":1,"minecraft:poppy":2,"minecraft:decorated_pot":1,"minecraft:shield":19,"minecraft:dirt":9,"minecraft:spruce_stairs":1,"minecraft:granite":20,"minecraft:wooden_axe":41,"minecraft:iron_axe":169,"minecraft:furnace":20,"minecraft:egg":2,"minecraft:cooked_beef":37,"minecraft:cobbled_deepslate":3,"sophisticatedbackpacks:gold_backpack":1,"minecraft:cooked_mutton":14,"minecraft:water_bucket":44,"minecraft:stone_pickaxe":786,"minecraft:wooden_pickaxe":60,"minecraft:glow_berries":9,"minecraft:crafting_table":20,"minecraft:white_bed":5,"minecraft:black_bed":19,"minecraft:oak_log":1,"minecraft:diamond_pickaxe":4,"minecraft:iron_pickaxe":1058,"minecraft:stone_axe":296,"minecraft:cobblestone":7,"minecraft:bucket":45}},"DataVersion":3465}