{"stats":{"minecraft:mined":{"minecraft:tuff":14,"minecraft:spruce_planks":1,"minecraft:white_bed":4,"minecraft:deepslate_diamond_ore":1,"minecraft:dark_oak_log":3,"minecraft:cave_vines_plant":1,"minecraft:granite":28,"minecraft:grass_block":12,"minecraft:moss_block":1,"minecraft:sandstone":9,"minecraft:furnace":12,"minecraft:iron_ore":72,"minecraft:andesite":40,"cobblemon:medicinal_leek":13,"minecraft:deepslate_iron_ore":7,"cobblemon:white_apricorn":1,"minecraft:stone":585,"cobblemon:water_stone_ore":3,"minecraft:glass_pane":1,"minecraft:crafting_table":13,"cobblemon:apricorn_leaves":3,"minecraft:tall_grass":2,"minecraft:copper_ore":25,"minecraft:cobblestone":2,"minecraft:oak_planks":4,"minecraft:sugar_cane":31,"minecraft:diorite":32,"minecraft:spruce_stairs":1,"minecraft:seagrass":2,"minecraft:birch_leaves":4,"minecraft:black_bed":4,"cobblemon:persim_berry":1,"minecraft:grass":18,"minecraft:oak_log":72,"minecraft:coal_ore":77,"minecraft:gravel":1,"minecraft:dirt":45,"minecraft:gold_ore":4,"minecraft:oak_leaves":11,"minecraft:deepslate":126},"minecraft:picked_up":{"minecraft:wooden_axe":1,"minecraft:crafting_table":14,"minecraft:chicken":2,"cobblemon:yellow_apricorn":6,"cobblemon:red_apricorn":16,"minecraft:wooden_pickaxe":1,"cobblemon:wepear_berry":20,"minecraft:string":6,"minecraft:raw_copper":78,"cobblemon:white_apricorn":14,"minecraft:cobbled_deepslate":109,"cobblemon:green_apricorn":18,"minecraft:spruce_planks":1,"minecraft:beef":41,"cobblemon:oran_berry":31,"minecraft:poppy":3,"minecraft:sugar_cane":61,"cobblemon:green_apricorn_seed":2,"minecraft:furnace":12,"minecraft:egg":2,"minecraft:dark_oak_sapling":2,"minecraft:stick":2,"minecraft:raw_iron":79,"minecraft:sandstone":3,"minecraft:copper_ingot":38,"minecraft:spruce_stairs":1,"cobblemon:park_ball":1,"minecraft:porkchop":1,"minecraft:diorite":32,"minecraft:dark_oak_planks":3,"minecraft:honey_bottle":2,"minecraft:rotten_flesh":2,"minecraft:gold_ingot":4,"minecraft:glow_berries":2,"minecraft:mutton":45,"cobblemon:blue_apricorn":6,"cobblemon:tanga_berry":1,"minecraft:white_wool":28,"minecraft:cobblestone":572,"minecraft:feather":2,"minecraft:cooked_beef":18,"minecraft:andesite":38,"minecraft:black_bed":4,"minecraft:leather":22,"cobblemon:razz_berry":14,"minecraft:tuff":14,"minecraft:oak_log":124,"minecraft:dirt":57,"cobblemon:pink_apricorn_seed":2,"minecraft:cooked_mutton":31,"minecraft:bone":6,"cobblemon:black_apricorn":11,"minecraft:raw_gold":4,"minecraft:iron_ingot":56,"minecraft:oak_planks":17,"cobblemon:chilan_berry":2,"cobblemon:red_apricorn_seed":2,"minecraft:cooked_porkchop":1,"patchouli:guide_book":2,"cobblemon:black_apricorn_seed":4,"cobblemon:blue_apricorn_seed":3,"cobblemon:pecha_berry":5,"cobblemon:cheri_berry":40,"cobblemon:yellow_apricorn_seed":2,"cobblemon:persim_berry":48,"cobblemon:pink_apricorn":22,"minecraft:white_bed":4,"minecraft:dark_oak_log":3,"cobblemon:shuca_berry":23,"minecraft:diamond":1,"minecraft:granite":28,"cobblemon:rindo_berry":3,"cobblemon:water_stone":3,"cobblemon:medicinal_leek":25,"cobblemon:chesto_berry":77,"minecraft:black_wool":3,"minecraft:coal":199},"minecraft:killed":{"minecraft:spider":1,"minecraft:chicken":1,"minecraft:pig":1,"cobblemon:pokemon":1,"minecraft:iron_golem":4,"minecraft:sheep":27,"minecraft:zombie":1,"minecraft:cow":15},"minecraft:crafted":{"minecraft:oak_planks":44,"minecraft:stone_shovel":1,"minecraft:furnace":4,"minecraft:cooked_mutton":9,"sophisticatedbackpacks:copper_backpack":1,"minecraft:iron_axe":1,"minecraft:stone_pickaxe":6,"minecraft:chest":1,"minecraft:dark_oak_planks":12,"minecraft:cooked_beef":23,"sophisticatedbackpacks:backpack":1,"minecraft:crafting_table":1,"minecraft:wooden_pickaxe":1,"minecraft:iron_helmet":1,"cobblemon:park_ball":8,"minecraft:copper_ingot":26,"cobblemon:roseate_ball":16,"minecraft:stone_axe":3,"minecraft:iron_chestplate":2,"minecraft:shield":1,"minecraft:stick":28,"minecraft:iron_ingot":25,"minecraft:iron_pickaxe":1,"minecraft:wooden_axe":1,"minecraft:iron_leggings":1,"minecraft:black_bed":1,"minecraft:white_bed":1,"cobblemon:great_ball":12},"minecraft:used":{"minecraft:stone_shovel":44,"sophisticatedbackpacks:copper_backpack":1,"minecraft:poppy":2,"minecraft:shield":1,"minecraft:dirt":9,"minecraft:spruce_stairs":1,"minecraft:granite":20,"minecraft:wooden_axe":41,"minecraft:iron_axe":1,"minecraft:furnace":12,"minecraft:egg":1,"minecraft:cooked_beef":14,"minecraft:cobbled_deepslate":3,"minecraft:cooked_mutton":14,"minecraft:stone_pickaxe":786,"minecraft:wooden_pickaxe":21,"minecraft:glow_berries":9,"minecraft:crafting_table":13,"minecraft:white_bed":5,"minecraft:black_bed":4,"minecraft:oak_log":1,"minecraft:iron_pickaxe":250,"minecraft:stone_axe":296,"minecraft:cobblestone":3},"minecraft:dropped":{"minecraft:dark_oak_sapling":2,"minecraft:feather":2,"minecraft:cobblestone":254,"minecraft:granite":8,"minecraft:dirt":48,"minecraft:diorite":6,"minecraft:raw_copper":14,"minecraft:chicken":2,"minecraft:poppy":1,"minecraft:spruce_planks":1,"minecraft:andesite":26,"minecraft:sandstone":3,"minecraft:egg":1},"minecraft:custom":{"minecraft:mob_kills":57,"minecraft:interact_with_crafting_table":29,"minecraft:leave_game":6,"minecraft:time_since_death":258937,"minecraft:sprint_one_cm":697313,"minecraft:walk_one_cm":294529,"minecraft:damage_blocked_by_shield":35,"minecraft:drop":19,"minecraft:talked_to_villager":4,"minecraft:play_time":266444,"minecraft:deaths":1,"minecraft:sneak_time":503,"minecraft:walk_under_water_one_cm":23223,"minecraft:jump":3782,"minecraft:walk_on_water_one_cm":39823,"minecraft:total_world_time":266444,"minecraft:interact_with_furnace":36,"minecraft:sleep_in_bed":13,"minecraft:time_since_rest":35482,"minecraft:damage_taken":1002,"minecraft:damage_dealt":8901,"minecraft:swim_one_cm":125424,"minecraft:fly_one_cm":822869,"minecraft:open_chest":5,"minecraft:crouch_one_cm":91,"minecraft:fall_one_cm":69935},"minecraft:broken":{"minecraft:stone_pickaxe":6,"minecraft:stone_axe":2,"minecraft:iron_pickaxe":1,"minecraft:wooden_axe":1}},"DataVersion":3465}