{"stats":{"minecraft:killed":{"minecraft:pig":1,"minecraft:spider":1,"minecraft:iron_golem":1,"minecraft:sheep":27,"minecraft:zombie":1,"minecraft:chicken":1,"minecraft:cow":15},"minecraft:mined":{"minecraft:white_bed":4,"minecraft:dark_oak_log":3,"minecraft:crafting_table":11,"cobblemon:apricorn_leaves":1,"minecraft:cave_vines_plant":1,"minecraft:granite":8,"minecraft:grass_block":12,"minecraft:tall_grass":2,"minecraft:copper_ore":25,"minecraft:cobblestone":2,"minecraft:sugar_cane":28,"minecraft:moss_block":1,"minecraft:diorite":6,"minecraft:seagrass":2,"minecraft:furnace":4,"minecraft:iron_ore":12,"minecraft:birch_leaves":4,"minecraft:andesite":26,"minecraft:black_bed":2,"cobblemon:persim_berry":1,"cobblemon:medicinal_leek":13,"minecraft:grass":18,"minecraft:coal_ore":77,"minecraft:oak_log":72,"minecraft:gravel":1,"minecraft:dirt":45,"cobblemon:white_apricorn":1,"minecraft:stone":330,"minecraft:oak_leaves":9},"minecraft:custom":{"minecraft:interact_with_furnace":17,"minecraft:mob_kills":53,"minecraft:interact_with_crafting_table":19,"minecraft:leave_game":4,"minecraft:time_since_death":179613,"minecraft:sleep_in_bed":9,"minecraft:time_since_rest":54241,"minecraft:sprint_one_cm":501581,"minecraft:damage_taken":794,"minecraft:walk_one_cm":188873,"minecraft:drop":13,"minecraft:damage_dealt":5771,"minecraft:talked_to_villager":2,"minecraft:swim_one_cm":55164,"minecraft:fly_one_cm":596469,"minecraft:open_chest":3,"minecraft:play_time":187120,"minecraft:deaths":1,"minecraft:sneak_time":73,"minecraft:walk_under_water_one_cm":7499,"minecraft:jump":2708,"minecraft:walk_on_water_one_cm":17936,"minecraft:total_world_time":187120,"minecraft:fall_one_cm":49355},"minecraft:crafted":{"minecraft:cooked_beef":23,"minecraft:oak_planks":44,"minecraft:stone_shovel":1,"sophisticatedbackpacks:backpack":1,"minecraft:crafting_table":1,"minecraft:wooden_pickaxe":1,"cobblemon:park_ball":8,"minecraft:furnace":1,"minecraft:copper_ingot":26,"cobblemon:roseate_ball":16,"minecraft:stone_axe":2,"minecraft:cooked_mutton":9,"sophisticatedbackpacks:copper_backpack":1,"minecraft:stick":24,"minecraft:iron_ingot":5,"minecraft:stone_pickaxe":6,"minecraft:wooden_axe":1,"minecraft:chest":1,"minecraft:black_bed":1,"minecraft:white_bed":1,"minecraft:dark_oak_planks":12,"cobblemon:great_ball":12},"minecraft:used":{"minecraft:cooked_mutton":14,"minecraft:stone_pickaxe":488,"minecraft:stone_shovel":44,"minecraft:poppy":2,"minecraft:wooden_pickaxe":21,"minecraft:glow_berries":9,"minecraft:dirt":9,"minecraft:crafting_table":11,"minecraft:white_bed":5,"minecraft:black_bed":2,"minecraft:oak_log":1,"minecraft:wooden_axe":41,"minecraft:stone_axe":225,"minecraft:cobblestone":3,"minecraft:furnace":4,"minecraft:cooked_beef":8},"minecraft:picked_up":{"minecraft:wooden_axe":1,"minecraft:crafting_table":12,"minecraft:feather":2,"minecraft:chicken":2,"minecraft:andesite":26,"cobblemon:yellow_apricorn":6,"minecraft:black_bed":2,"minecraft:leather":20,"cobblemon:red_apricorn":8,"minecraft:wooden_pickaxe":1,"cobblemon:razz_berry":14,"minecraft:oak_log":124,"cobblemon:pink_apricorn_seed":2,"cobblemon:wepear_berry":20,"minecraft:dirt":57,"minecraft:string":6,"minecraft:raw_copper":78,"minecraft:cooked_mutton":5,"cobblemon:white_apricorn":12,"minecraft:bone":6,"cobblemon:green_apricorn":18,"minecraft:iron_ingot":11,"minecraft:beef":40,"cobblemon:oran_berry":17,"minecraft:poppy":2,"minecraft:sugar_cane":55,"minecraft:oak_planks":13,"cobblemon:green_apricorn_seed":2,"minecraft:furnace":4,"minecraft:egg":1,"minecraft:dark_oak_sapling":1,"minecraft:stick":2,"minecraft:raw_iron":12,"patchouli:guide_book":2,"minecraft:copper_ingot":38,"cobblemon:park_ball":1,"cobblemon:blue_apricorn_seed":3,"cobblemon:cheri_berry":40,"minecraft:porkchop":1,"cobblemon:yellow_apricorn_seed":2,"cobblemon:persim_berry":28,"cobblemon:pink_apricorn":22,"minecraft:diorite":6,"minecraft:white_bed":4,"minecraft:dark_oak_log":3,"cobblemon:shuca_berry":10,"minecraft:dark_oak_planks":3,"minecraft:honey_bottle":2,"minecraft:rotten_flesh":2,"minecraft:granite":8,"cobblemon:rindo_berry":3,"minecraft:black_wool":3,"cobblemon:medicinal_leek":25,"cobblemon:chesto_berry":77,"minecraft:mutton":45,"minecraft:glow_berries":2,"minecraft:coal":133,"cobblemon:blue_apricorn":6,"cobblemon:tanga_berry":1,"minecraft:white_wool":28,"minecraft:cobblestone":322},"minecraft:broken":{"minecraft:stone_pickaxe":3,"minecraft:stone_axe":2,"minecraft:wooden_axe":1},"minecraft:dropped":{"minecraft:raw_copper":14,"minecraft:chicken":2,"minecraft:feather":2,"minecraft:cobblestone":222,"minecraft:granite":8,"minecraft:dirt":48,"minecraft:diorite":6,"minecraft:andesite":26,"minecraft:egg":1}},"DataVersion":3465}