{"stats":{"minecraft:custom":{"minecraft:time_since_rest":2250,"minecraft:deaths":1,"minecraft:play_time":9712,"minecraft:sprint_one_cm":39257,"minecraft:damage_taken":275,"minecraft:walk_one_cm":16634,"minecraft:mob_kills":6,"minecraft:jump":194,"minecraft:damage_dealt":670,"minecraft:leave_game":2,"minecraft:time_since_death":2205,"minecraft:total_world_time":9712,"minecraft:fall_one_cm":4716,"minecraft:interact_with_crafting_table":2,"minecraft:fly_one_cm":36830},"minecraft:killed":{"minecraft:sheep":4,"minecraft:spider":1},"minecraft:crafted":{"minecraft:dark_oak_planks":12,"minecraft:crafting_table":1,"minecraft:stick":4,"minecraft:wooden_axe":1},"minecraft:mined":{"minecraft:oak_log":5,"minecraft:dark_oak_log":3,"cobblemon:persim_berry":1,"minecraft:crafting_table":1},"minecraft:used":{"minecraft:wooden_axe":20,"minecraft:crafting_table":1},"minecraft:picked_up":{"minecraft:wooden_axe":1,"minecraft:stick":2,"minecraft:crafting_table":2,"minecraft:bone":4,"cobblemon:yellow_apricorn":1,"patchouli:guide_book":2,"cobblemon:oran_berry":14,"minecraft:oak_log":10,"cobblemon:chesto_berry":74,"minecraft:string":2,"minecraft:mutton":10,"minecraft:dark_oak_log":3,"minecraft:white_wool":8,"minecraft:dark_oak_planks":3}},"DataVersion":3465}