{"stats":{"minecraft:used":{"minecraft:rose_bush":1,"minecraft:spruce_door":1,"minecraft:polished_andesite":1,"minecraft:stone_pickaxe":34,"minecraft:oak_planks":35,"minecraft:chest":4,"minecraft:iron_sword":48,"minecraft:rotten_flesh":2,"minecraft:golden_apple":1,"minecraft:dirt":1,"minecraft:crafting_table":2,"minecraft:red_bed":1,"minecraft:chainmail_chestplate":1,"minecraft:carrot":15,"minecraft:oak_log":34,"minecraft:apple":2,"minecraft:iron_axe":171,"minecraft:chicken":2,"minecraft:bread":17,"minecraft:iron_helmet":5,"minecraft:spruce_trapdoor":2,"minecraft:stone_bricks":3,"minecraft:oak_sapling":2,"minecraft:chainmail_boots":4,"minecraft:porkchop":3,"minecraft:stripped_oak_log":4},"minecraft:picked_up":{"minecraft:stripped_oak_log":4,"minecraft:crafting_table":4,"minecraft:wheat":165,"minecraft:feather":9,"minecraft:chainmail_boots":9,"minecraft:chicken":2,"minecraft:potato":7,"minecraft:oak_log":94,"minecraft:chainmail_chestplate":9,"minecraft:brick":1,"minecraft:gunpowder":7,"minecraft:dirt":1,"minecraft:red_bed":3,"minecraft:lapis_lazuli":27,"minecraft:string":21,"minecraft:paper":5,"minecraft:lantern":4,"minecraft:iron_axe":23,"minecraft:red_carpet":6,"minecraft:bone":12,"minecraft:stone_bricks":3,"minecraft:kelp":6,"minecraft:stone_pickaxe":6,"minecraft:iron_ingot":46,"minecraft:rose_bush":1,"minecraft:poppy":2,"minecraft:spruce_slab":16,"minecraft:chest":8,"minecraft:oak_planks":5,"minecraft:iron_sword":19,"minecraft:spruce_trapdoor":2,"minecraft:furnace":6,"minecraft:book":37,"minecraft:raw_iron":18,"minecraft:stick":13,"minecraft:emerald_block":2,"patchouli:guide_book":19,"minecraft:spruce_stairs":3,"minecraft:raw_iron_block":4,"minecraft:porkchop":3,"minecraft:carrot":1,"minecraft:lily_of_the_valley":2,"minecraft:barrel":2,"minecraft:spruce_door":1,"minecraft:polished_andesite":1,"minecraft:arrow":16,"minecraft:rotten_flesh":44,"cobblemon:poke_ball":20,"minecraft:iron_helmet":9,"minecraft:hay_block":40,"cobblemon:heavy_ball":2,"minecraft:spruce_sign":6,"minecraft:emerald":66,"minecraft:gold_ingot":44,"minecraft:bread":12,"cobblemon:medicinal_leek":63,"minecraft:oak_sapling":7,"minecraft:mutton":6,"minecraft:coal":3,"minecraft:white_wool":3},"minecraft:mined":{"minecraft:red_carpet":6,"minecraft:red_bed":1,"minecraft:crafting_table":2,"minecraft:spruce_trapdoor":1,"minecraft:chest":6,"minecraft:tall_grass":2,"minecraft:dried_kelp_block":2,"minecraft:oak_planks":5,"minecraft:hay_block":5,"minecraft:raw_iron_block":2,"minecraft:furnace":6,"minecraft:iron_ore":6,"minecraft:barrel":2,"cobblemon:medicinal_leek":9,"minecraft:grass":13,"minecraft:oak_log":64,"minecraft:bookshelf":4,"minecraft:coal_ore":2,"minecraft:lantern":1,"minecraft:stripped_oak_log":4,"minecraft:dirt":1,"minecraft:cobweb":2,"minecraft:stone_bricks":2,"minecraft:polished_andesite":1,"minecraft:spruce_slab":12,"minecraft:oak_leaves":13,"minecraft:tripwire":1},"minecraft:killed_by":{"minecraft:zombie_villager":1,"minecraft:skeleton":4,"minecraft:creeper":2,"minecraft:iron_golem":5},"minecraft:custom":{"minecraft:mob_kills":13,"minecraft:traded_with_villager":9,"minecraft:interact_with_crafting_table":8,"minecraft:open_barrel":1,"minecraft:leave_game":4,"minecraft:time_since_death":649,"minecraft:sleep_in_bed":7,"minecraft:climb_one_cm":22338,"minecraft:time_since_rest":696,"minecraft:sprint_one_cm":605156,"minecraft:damage_taken":4748,"minecraft:walk_one_cm":831116,"minecraft:drop":11,"minecraft:damage_dealt":3436,"minecraft:swim_one_cm":15923,"minecraft:damage_dealt_absorbed":90,"minecraft:talked_to_villager":1,"minecraft:fly_one_cm":414193,"minecraft:open_chest":52,"minecraft:play_time":148839,"minecraft:deaths":12,"minecraft:sneak_time":65,"minecraft:walk_under_water_one_cm":3038,"minecraft:jump":1760,"minecraft:walk_on_water_one_cm":19026,"minecraft:total_world_time":148839,"minecraft:fall_one_cm":30115},"minecraft:killed":{"minecraft:pig":1,"cobblemon:pokemon":4,"minecraft:spider":1,"minecraft:iron_golem":2,"minecraft:creeper":1,"minecraft:sheep":1,"minecraft:skeleton":1,"minecraft:villager":1},"minecraft:dropped":{"minecraft:kelp":6,"minecraft:poppy":1,"minecraft:gunpowder":2,"cobblemon:poke_ball":1,"minecraft:oak_sapling":1,"minecraft:iron_axe":1,"minecraft:string":3,"minecraft:paper":2,"minecraft:brick":1},"minecraft:crafted":{"minecraft:oak_planks":128,"minecraft:raw_iron":9,"minecraft:emerald":36,"minecraft:bread":14,"cobblemon:heavy_ball":5,"cobblemon:poke_ball":35,"minecraft:shield":1,"minecraft:stone_pickaxe":1,"minecraft:wheat":72}},"DataVersion":3465}