{"stats":{"minecraft:custom":{"minecraft:interact_with_furnace":2,"minecraft:mob_kills":18,"minecraft:traded_with_villager":4,"minecraft:interact_with_crafting_table":5,"minecraft:open_barrel":1,"minecraft:eat_cake_slice":7,"minecraft:leave_game":7,"minecraft:time_since_death":102690,"minecraft:sleep_in_bed":7,"minecraft:climb_one_cm":17462,"minecraft:time_since_rest":10989,"minecraft:damage_absorbed":60,"minecraft:sprint_one_cm":550352,"minecraft:damage_taken":970,"minecraft:walk_one_cm":436385,"minecraft:drop":14,"minecraft:damage_dealt":4347,"minecraft:damage_dealt_absorbed":24,"minecraft:swim_one_cm":20214,"minecraft:talked_to_villager":1,"minecraft:fly_one_cm":435660,"minecraft:open_chest":54,"minecraft:play_time":118132,"minecraft:deaths":2,"minecraft:sneak_time":52,"minecraft:walk_under_water_one_cm":20712,"minecraft:jump":1481,"minecraft:walk_on_water_one_cm":41374,"minecraft:total_world_time":118132,"minecraft:fall_one_cm":34220},"minecraft:picked_up":{"minecraft:wheat":11,"minecraft:air":0,"minecraft:feather":1,"minecraft:chicken":4,"cobblemon:yellow_apricorn":9,"minecraft:leather":2,"cobblemon:red_apricorn":1,"cobblemon:pinap_berry":5,"minecraft:potato":1,"minecraft:enchanted_book":4,"minecraft:lapis_lazuli":14,"minecraft:dirt":1,"cobblemon:white_apricorn":2,"minecraft:apple":7,"minecraft:wheat_seeds":1,"cobblemon:black_apricorn":5,"minecraft:beef":14,"minecraft:iron_ingot":5,"minecraft:poppy":2,"minecraft:iron_sword":3,"minecraft:blue_wool":1,"minecraft:emerald_block":3,"patchouli:guide_book":4,"minecraft:porkchop":12,"cobblemon:rawst_berry":19,"minecraft:sand":12,"cobblemon:pink_apricorn":3,"minecraft:white_bed":2,"minecraft:carrot":1,"minecraft:rotten_flesh":1,"minecraft:hay_block":1,"minecraft:golden_apple":1,"minecraft:bread":2,"minecraft:gold_ingot":4,"minecraft:emerald":27,"cobblemon:medicinal_leek":22,"cobblemon:blue_apricorn":4,"minecraft:white_wool":1,"minecraft:cobblestone":1},"minecraft:dropped":{"minecraft:iron_sword":3,"minecraft:wheat_seeds":1,"minecraft:lapis_lazuli":7,"minecraft:feather":1,"minecraft:cobblestone":1,"minecraft:rotten_flesh":1,"minecraft:apple":1,"minecraft:emerald":54,"minecraft:poppy":2,"minecraft:sand":12,"minecraft:white_wool":1,"cobblemon:red_apricorn":1},"minecraft:used":{"minecraft:leather_leggings":1,"minecraft:leather_chestplate":1,"minecraft:iron_sword":191,"minecraft:leather_boots":1,"minecraft:cooked_chicken":2,"minecraft:golden_apple":3,"minecraft:spyglass":10,"minecraft:carrot":1,"minecraft:white_bed":1,"minecraft:apple":18,"minecraft:bread":2,"minecraft:hay_block":5,"minecraft:porkchop":1,"minecraft:cooked_rabbit":2},"minecraft:killed":{"minecraft:pig":4,"cobblemon:pokemon":7,"minecraft:iron_golem":1,"minecraft:zombie":1,"minecraft:cow":5},"minecraft:crafted":{"minecraft:emerald":81,"cobblemon:poke_ball":5,"cobblemon:love_ball":4,"cobblemon:ultra_ball":4,"cobblemon:great_ball":15},"minecraft:mined":{"minecraft:white_bed":2,"cobblemon:apricorn_leaves":1,"minecraft:poppy":1,"minecraft:grass_block":1,"minecraft:white_stained_glass_pane":2,"minecraft:tall_grass":13,"cobblemon:medicinal_leek":9,"minecraft:grass":71,"minecraft:sand":14,"minecraft:oak_leaves":1,"minecraft:fern":9}},"DataVersion":3465}