{"stats":{"minecraft:dropped":{"minecraft:water_bucket":1,"easy_npc:easy_npc_preset_empty":1,"minecraft:grass_block":1},"minecraft:custom":{"minecraft:time_since_rest":9166,"minecraft:open_chest":4,"minecraft:crouch_one_cm":729,"minecraft:play_time":70072,"minecraft:sprint_one_cm":103985,"minecraft:walk_one_cm":64688,"minecraft:sneak_time":573,"minecraft:drop":3,"minecraft:jump":81,"minecraft:leave_game":5,"minecraft:time_since_death":70072,"minecraft:walk_on_water_one_cm":1221,"minecraft:sleep_in_bed":5,"minecraft:total_world_time":70072,"minecraft:fall_one_cm":476,"minecraft:fly_one_cm":490256},"minecraft:picked_up":{"easy_npc:easy_npc_preset_empty":1},"minecraft:used":{"cobblemon:pc":2,"easy_npc:stray_spawn_egg":1,"minecraft:water_bucket":6,"minecraft:grass_block":1,"easy_npc:easy_npc_preset":1,"minecraft:bucket":5,"minecraft:white_bed":2,"easy_npc_epic_fight:humanoid_spawn_egg":1,"easy_npc:humanoid_spawn_egg":4,"easy_npc:easy_npc_spawner":1}},"DataVersion":3465}