{"stats":{"minecraft:used":{"minecraft:bread":7,"minecraft:purple_carpet":1},"minecraft:picked_up":{"minecraft:purple_carpet":1,"minecraft:rotten_flesh":3,"cobblemon:poke_ball":1,"cobblemon:cheri_berry":8,"minecraft:white_bed":1,"cobblemon:medicinal_leek":2},"minecraft:mined":{"minecraft:grass":1,"minecraft:white_bed":1,"minecraft:fire":5,"minecraft:tall_grass":1,"cobblemon:cheri_berry":1,"cobblemon:medicinal_leek":1},"minecraft:killed_by":{"minecraft:spider":1},"minecraft:custom":{"minecraft:open_chest":22,"minecraft:time_since_rest":16749,"minecraft:play_time":44187,"minecraft:sprint_one_cm":234560,"minecraft:damage_taken":290,"minecraft:deaths":1,"minecraft:walk_one_cm":60161,"minecraft:sneak_time":23,"minecraft:walk_under_water_one_cm":394,"minecraft:drop":1,"minecraft:jump":466,"minecraft:leave_game":10,"minecraft:walk_on_water_one_cm":5508,"minecraft:time_since_death":15691,"minecraft:sleep_in_bed":2,"minecraft:traded_with_villager":3,"minecraft:climb_one_cm":10056,"minecraft:total_world_time":44187,"minecraft:swim_one_cm":3687,"minecraft:fall_one_cm":6849,"minecraft:fly_one_cm":219987},"minecraft:dropped":{"minecraft:rotten_flesh":1},"minecraft:crafted":{"cobblemon:poke_ball":5,"cobblemon:max_revive":1,"minecraft:emerald":90,"cobblemon:great_ball":5}},"DataVersion":3465}