{
  "uuid": "933c9ea3-1b9f-330a-ba2a-f6b385c89405",
  "starterPrompted": true,
  "starterLocked": false,
  "starterSelected": true,
  "starterUUID": "f3178d84-3a52-41d7-8440-316f260a5eb1",
  "keyItems": [],
  "battleTheme": "cobblemon:battle.pvp.default",
  "extraData": {},
  "advancementData": {
    "totalCaptureCount": 3,
    "totalEggsHatched": 0,
    "totalEvolvedCount": 1,
    "totalBattleVictoryCount": 16,
    "totalPvPBattleVictoryCount": 0,
    "totalPvWBattleVictoryCount": 16,
    "totalPvNBattleVictoryCount": 0,
    "totalShinyCaptureCount": 0,
    "totalTradedCount": 0,
    "totalTypeCaptureCounts": {
      "ghost": 1,
      "poison": 1,
      "normal": 1,
      "fire": 1
    },
    "totalDefeatedCounts": {},
    "aspectsCollected": {}
  }
}